Gender,Married,Dependents,Education,Self_Employed,ApplicantIncome,CoapplicantIncome,LoanAmount,Loan_Amount_Term,Credit_History,PropertyArea,Loan_Status
0,0,2,0,0,7784.68,2778.27,50.24,120,0,0,0
0,0,1,0,0,2111.33,2046.45,115.12,180,1,1,1
1,0,0,1,0,2782.06,2233.43,109.46,120,1,2,1
0,1,0,0,0,6281.2,200.72,149.43,480,1,1,1
0,0,2,0,0,5251.1,376.7,75.96,480,1,2,1
0,0,1,0,0,3787.96,4816.8,121.32,240,1,0,0
0,0,2,0,0,7265.38,125.15,130.31,300,1,2,0
1,0,0,0,0,4234.99,3314.01,196.61,180,1,0,0
1,0,2,1,0,6523.9,3240.55,83.28,360,1,2,1
1,0,1,0,1,4523.59,0,108.68,180,1,2,1
1,0,1,0,0,6120.96,0,161.37,180,1,2,1
0,1,1,0,0,9013.81,932.81,143.44,360,1,0,1
1,0,3,0,0,1246.7,0,183.58,360,1,0,1
0,1,0,0,0,6712.67,165.88,140.34,120,1,0,1
0,0,0,0,0,8604.84,0,186.58,480,1,2,1
0,1,0,0,0,7541.71,2510.95,96.1,480,0,2,0
0,0,0,0,1,4513.71,2239.3,70.51,240,1,0,1
1,0,0,1,0,10102.36,492.56,164.54,300,1,1,1
0,0,0,1,0,5085.17,0,20,360,1,1,1
0,0,0,1,0,1000,503.95,226.82,360,1,2,0
0,0,3,0,0,1399.49,0,143.28,360,1,2,1
0,0,0,0,0,6049.74,768.62,129.1,300,0,2,0
1,1,0,1,0,1000,2691.59,167.3,180,1,0,0
1,0,2,0,0,6457.96,0,20,480,1,2,0
1,0,3,0,0,6982.48,2465.27,126.65,480,1,2,1
1,1,0,1,0,1375.19,0,200.66,180,1,1,0
0,1,1,0,0,9111.7,2709.56,212.38,240,1,0,0
1,0,0,0,1,5202.52,1120.65,73.58,480,0,2,0
1,0,3,0,0,4981.23,249.82,102.5,240,1,1,1
0,1,0,0,0,7236.91,1634.81,188.83,240,1,0,1
0,0,1,0,0,8404.03,2364.66,90.41,480,1,2,1
1,0,0,1,0,6409.63,906.86,198.07,480,1,1,1
0,1,2,0,0,1712.54,1957.96,177.08,480,1,0,0
1,1,0,0,0,2603.11,4058.69,128.82,240,1,1,1
1,1,1,0,0,1488.92,3029.23,181.73,300,1,0,1
1,1,0,1,0,3316.18,2752.74,102.27,480,1,0,0
1,1,0,1,0,2820.72,3893.71,152.94,300,1,0,1
1,1,2,0,0,2616.36,2276.65,204.08,120,1,0,1
0,1,0,0,0,1000,1977.23,37.04,360,1,1,0
1,1,2,0,0,4391.25,2403.86,62.63,360,1,0,0
1,1,0,0,0,3178.33,3006.11,172.76,480,1,0,1
0,1,0,0,0,5199.24,2809.35,216.63,480,0,2,0
1,1,0,0,0,8246.95,0,38.57,360,1,0,1
1,0,0,0,0,2317.72,0,118.34,180,1,2,0
0,1,1,0,0,1000,2593.32,162.6,240,1,1,1
1,1,0,1,0,5933.31,0,139.86,240,1,0,1
0,0,3,0,0,5247.54,1879.66,96.28,180,1,1,0
1,0,1,1,0,4759.77,257.63,105.56,240,1,1,1
1,0,0,0,0,7949.87,2844.8,195.87,120,1,2,0
0,1,1,0,0,4260.55,995.78,68.78,300,1,2,1
1,0,0,0,1,3928.24,4084.57,61.84,300,1,2,1
1,1,2,1,0,5875.68,390.04,46.25,300,1,1,1
1,0,1,0,0,3876.26,3317.33,205.05,360,1,0,0
0,1,1,1,0,2732.77,0,148.24,180,1,0,0
1,1,1,0,0,4442.78,0,123.76,240,1,2,1
0,1,0,0,0,5191.85,2225.86,28.14,360,1,0,1
0,1,0,0,0,2543.89,927.3,227.72,480,1,2,0
1,0,2,0,0,3014.32,1573.23,297.97,300,0,0,0
1,1,0,0,0,6403.46,2859.07,65.79,120,1,1,1
0,1,1,0,1,6630.03,1114.5,70.44,480,0,0,0
0,1,1,0,0,4663.03,1253.22,50.54,240,0,1,0
1,1,0,0,0,5355.31,0,155.44,120,1,2,1
0,1,2,0,0,3028.04,3687.78,87.61,120,1,1,1
1,1,1,0,0,7076.18,1621.79,116.67,120,1,2,1
0,1,1,1,0,1817.75,994.48,98.07,300,1,1,1
0,1,0,0,0,5900.96,84.19,120.0,300,1,2,1
0,1,0,0,0,5206.32,0,141.52,360,1,0,1
0,1,1,0,0,6367.96,1601.87,179.23,480,1,0,1
0,0,0,0,0,5259.43,4231.79,268.37,480,1,1,1
1,1,0,0,0,3153.72,1439.87,174.52,480,1,0,1
1,1,0,1,0,8522.56,1241.5,188.16,480,1,0,0
1,1,0,0,0,2383.08,1590.43,180.7,360,1,1,1
0,1,2,0,0,1715.06,2750.02,224.65,300,1,0,0
1,0,2,0,0,1000,1884.85,53.81,180,0,1,0
1,1,1,1,1,6050.39,0,94.66,300,1,0,1
0,0,1,1,1,4445.81,0,220.83,120,1,2,1
1,0,0,1,0,3509.4,1835.25,51.29,180,1,0,1
1,0,1,0,0,2704.11,0,65.21,300,1,2,0
0,0,0,0,0,2811.88,0,139.92,180,1,1,1
0,0,0,0,0,4335.01,879.95,173.87,120,1,2,0
0,1,2,1,0,5060.53,4056.8,148.8,240,1,2,1
0,0,3,0,0,1433.82,1965.23,136.63,240,1,1,0
0,0,0,0,1,1000,518.07,166.13,300,1,1,0
1,0,1,0,0,5073.09,3575.06,107.78,360,1,1,1
0,1,1,0,0,2946.52,0,213.04,120,1,1,0
0,1,3,0,0,6952.04,0,116.9,180,0,0,0
1,1,0,0,0,2658.2,2192.16,242.67,360,1,2,0
0,1,1,1,0,6378.6,715.68,122.04,300,1,1,0
0,1,1,1,0,3198.96,1819.96,237.78,300,0,0,0
0,0,2,0,0,3633.95,961.89,144.54,180,1,0,0
1,0,2,0,0,11865.64,725.34,20,120,1,0,1
0,0,0,1,0,6453.72,1324.39,191.17,120,1,1,1
1,1,1,0,0,5201.07,1039.79,169.14,360,1,2,0
0,0,3,1,0,7573.04,2785.05,20,240,1,0,1
0,1,1,0,0,2028.62,2668.47,116.87,300,0,2,0
0,0,0,1,0,5678.84,0,132.26,240,1,1,0
0,1,0,1,0,7865.27,2694.86,173.77,360,1,2,0
1,0,0,1,1,1000,2857.11,194.67,240,1,2,0
0,0,1,0,0,5849.79,0,147.24,300,1,2,0
0,1,0,0,0,6547.92,495.85,156.26,480,1,0,1
0,0,2,0,0,3200.77,2494.08,118.48,360,1,0,0
0,0,2,0,0,2039.96,1788.01,83.38,180,1,0,0
1,1,0,0,0,2383.65,968.57,177.2,120,0,1,0
0,0,2,0,0,1846.9,1227.9,199.42,180,1,2,1
1,0,0,0,0,3525.4,1361.18,111.39,300,1,1,1
1,0,0,1,0,7126.7,625.78,115.42,300,1,0,0
1,1,1,0,0,3300.1,2418.29,181.17,120,1,0,1
1,1,2,1,0,4621.23,2097.05,170.92,480,0,2,0
1,1,2,1,0,7364.28,253.66,75.34,480,1,1,0
0,1,0,0,0,7291.39,1858.08,111.56,120,1,1,1
0,0,1,0,0,1000,251.27,200.71,360,1,1,0
1,0,3,0,0,8207.93,0,227.06,120,1,1,1
1,0,0,1,0,5076.97,0,233.53,240,0,0,0
1,1,0,1,1,3359.75,650.64,230.07,240,1,2,1
1,0,1,1,0,1336.05,3182.64,180.31,480,1,2,0
0,1,1,0,0,6679.45,758.09,144.63,180,1,1,1
0,0,1,1,0,3314.71,668.66,185.28,360,1,0,1
1,0,0,0,0,2577.09,1650.08,139.3,360,1,1,0
0,1,1,0,0,5028.54,0,67.1,180,1,2,1
0,1,0,0,0,8110.18,187.95,104.06,120,1,1,1
1,0,2,0,1,6614.37,0,205.67,300,1,0,0
1,0,0,0,1,6425.09,0,149.79,240,1,1,1
0,1,0,0,0,4323.41,4235.02,32.43,360,1,1,1
0,1,0,0,0,3854.58,798.14,182.69,360,0,2,0
0,0,0,0,0,3045.95,757.35,98.1,240,0,2,0
0,1,2,0,0,1599.27,3096.5,123.68,180,1,2,1
0,1,0,0,0,1562.36,0,61.46,300,1,0,0
0,1,0,0,0,6140.25,283.74,114.0,360,1,0,1
0,1,0,1,1,3865.38,1918.09,40.77,480,1,1,1
1,0,1,0,1,1000,852.56,135.93,360,1,0,0
1,1,0,0,0,1000,2048.16,177.93,300,0,1,0
1,1,1,1,0,3286.99,0,23.85,180,1,0,1
1,0,0,0,0,1000,4178.34,179.57,300,1,1,1
1,0,1,0,0,3382.15,221.0,226.39,300,1,2,1
0,1,2,0,0,1564.77,0,186.78,180,1,1,0
0,1,3,1,1,8198.5,999.86,117.75,240,1,0,0
0,1,1,0,0,7340.93,3366.51,227.75,240,1,2,1
0,0,0,0,0,1951.64,1419.95,62.87,180,1,2,1
0,1,1,0,0,6008.26,0,38.12,180,1,0,1
0,0,0,0,1,5431.68,5038.12,83.18,120,1,2,1
1,0,1,0,0,2382.79,0,102.49,360,1,2,1
1,0,2,0,0,2433.42,0,70.46,300,1,0,0
1,1,1,0,0,5399.82,0,37.59,180,1,1,1
1,0,0,0,1,1362.38,5515.39,100.18,240,1,0,1
1,0,1,0,0,6198.69,1957.07,67.76,180,1,0,1
1,1,0,0,1,1000,1880.79,109.59,300,1,0,1
0,1,0,0,0,6557.74,0,138.0,120,1,1,1
1,1,0,0,0,5581.45,3109.48,214.23,360,1,2,1
0,0,3,0,0,1360.99,4406.21,141.45,360,1,0,0
0,0,0,0,0,1210.56,1783.21,77.89,360,1,1,1
1,1,1,0,0,1881.31,500.56,202.45,120,1,2,1
1,0,1,0,0,7735.58,832.65,143.2,300,1,2,1
1,0,2,0,0,4002.39,208.82,72.02,300,1,1,1
1,0,2,0,0,7351.99,1178.47,20,300,1,1,1
1,1,1,0,0,2833.15,792.4,197.99,240,1,2,1
1,1,1,0,1,4135.23,0,61.55,300,1,0,1
1,0,0,0,0,2700.22,1636.28,93.37,360,1,2,1
1,0,0,0,0,9652.86,2289.09,147.76,120,1,2,1
1,0,1,0,1,5951.79,1070.21,57.3,300,1,0,0
1,1,0,0,0,3453.07,249.2,130.31,120,1,0,0
1,0,3,0,0,4879.28,201.65,139.11,240,1,0,0
1,0,3,0,0,2576.85,0,168.84,360,1,0,0
0,1,0,0,0,6093.56,3606.38,162.97,180,1,2,0
1,1,1,0,0,5048.33,2007.9,116.42,240,1,1,1
1,1,0,0,0,2314.93,0,172.47,240,1,2,1
1,0,1,1,0,5643.8,5151.91,63.6,360,1,2,1
1,0,2,0,0,5210.22,0,74.7,360,0,2,0
0,0,0,1,0,2815.56,0,20,300,1,1,1
0,1,1,0,0,5902.74,0,37.68,480,1,0,1
0,1,0,0,1,5366.74,958.22,156.26,300,1,0,1
1,1,3,0,1,6521.94,341.42,97.72,360,0,1,0
0,0,3,0,0,9202.05,795.31,147.53,300,1,2,0
1,1,2,0,0,3555.58,4917.93,134.65,480,1,0,0
0,0,0,0,0,2113.62,0,140.7,300,1,0,1
0,0,1,0,0,4246.13,0,54.58,240,1,0,1
0,1,0,0,1,8507.21,0,88.07,300,0,1,0
1,1,1,0,0,5753.8,3019.05,142.84,480,0,1,0
0,1,3,0,0,4575.61,2277.75,44.38,240,0,2,0
0,0,0,0,0,5631.49,463.18,148.25,360,1,0,0
1,1,3,0,1,5713.65,1011.34,219.93,180,1,2,0
0,1,3,0,0,2240.23,2546.85,105.45,360,1,1,1
0,1,2,0,0,4205.45,1651.71,215.62,120,1,2,0
1,1,0,0,0,5970.75,0,79.99,240,1,1,1
1,1,0,1,0,3963.31,0,215.84,480,1,2,0
0,0,3,0,0,1000,2809.25,152.77,120,1,1,1
1,0,1,0,0,1623.97,1394.97,228.59,120,0,2,0
1,1,0,1,0,6395.24,0,164.65,180,1,2,1
1,1,0,0,0,1820.43,2349.35,189.99,480,1,0,1
0,0,0,0,0,1956.62,0,257.4,480,1,2,1
0,0,0,1,0,2684.35,681.61,234.47,240,1,2,0
0,0,3,0,1,1000,0,123.62,120,1,2,0
0,1,1,0,0,4215.39,0,129.47,480,1,0,1
0,1,0,0,0,1960.76,0,201.04,480,1,1,0
1,0,0,1,0,2928.64,0,223.44,180,1,0,1
1,0,0,1,0,2681.48,2167.49,280.59,300,1,1,1
0,0,0,0,0,3336.16,1141.66,215.24,360,1,1,1
1,0,0,0,0,8913.08,0,230.33,180,1,0,1
0,1,0,0,0,2103.13,1867.53,112.13,240,1,2,1
1,0,1,0,0,1000,3072.03,38.47,300,1,2,1
0,1,0,1,0,1964.2,5003.76,196.99,480,1,2,0
0,1,0,1,0,6930.62,2552.24,66.43,480,1,0,1
1,0,0,0,0,6370.72,0,70.72,480,1,1,1
0,1,2,0,1,1991.27,1410.68,20,480,1,0,1
1,0,0,0,0,6227.79,3106.19,47.1,480,1,1,1
1,0,0,0,0,1227.63,951.48,72.29,300,1,2,1
0,1,3,0,0,5430.0,875.45,195.4,240,1,1,0
0,1,0,0,0,3608.99,1375.64,245.94,120,1,2,1
0,0,3,0,0,2376.65,740.35,70.25,300,1,0,1
1,1,0,0,0,2423.91,330.75,126.67,480,1,0,0
0,0,0,0,0,3114.61,0,199.32,300,1,2,0
0,1,0,0,0,2426.38,0,221.56,480,0,0,0
0,1,0,0,0,1925.87,2589.89,74.55,300,1,2,1
0,0,1,0,0,3709.1,1360.95,133.85,180,1,1,1
1,1,1,0,0,3464.06,1247.15,256.22,240,0,0,0
1,0,2,0,0,1511.74,1256.33,90.39,360,1,1,1
0,1,1,1,0,6510.95,0,61.11,300,1,0,1
1,0,2,0,0,2522.45,419.77,115.81,180,1,0,0
0,0,1,0,0,7909.68,5075.28,115.84,360,1,2,1
0,0,3,1,1,9516.56,1048.31,238.07,180,0,1,0
0,1,1,0,0,2146.71,2100.64,43.72,120,1,2,0
1,1,1,0,0,7792.74,0,296.16,480,1,1,1
0,1,0,0,0,3954.59,4183.44,91.83,360,1,1,1
0,0,0,1,0,8007.28,3423.25,137.6,300,1,2,1
0,1,0,1,0,3429.09,197.08,35.04,180,0,2,0
1,0,0,0,0,4729.44,1827.61,69.52,300,0,2,0
1,0,3,0,0,6717.8,1876.96,136.08,240,1,1,0
0,1,2,1,0,5886.74,1160.61,131.03,480,1,1,1
0,0,3,0,0,5588.36,4536.54,162.87,480,1,1,1
1,0,0,0,0,1282.3,0,103.72,120,1,2,1
1,0,1,0,0,4263.6,1714.21,279.52,300,1,0,0
1,0,1,1,1,5717.15,856.64,198.2,240,1,0,0
1,0,0,0,0,5355.49,1339.94,160.33,480,1,1,0
1,1,0,0,0,4130.22,2557.63,92.94,180,1,1,1
0,1,1,0,0,5492.1,1441.78,69.49,360,0,2,0
0,0,0,0,0,2193.73,1233.27,20,240,1,0,1
1,0,2,0,0,4374.95,1775.79,118.48,120,1,2,0
1,0,1,0,0,4462.55,1945.27,39.75,180,1,0,1
0,0,0,0,0,7897.01,4195.72,195.52,480,1,1,0
0,1,0,1,0,5995.83,0,216.6,120,1,2,1
0,1,0,0,0,5749.5,20.86,131.63,180,1,1,1
0,1,0,1,1,5157.39,0,20.49,180,0,1,0
0,0,1,0,0,6754.2,1287.08,143.81,480,1,0,0
0,0,0,1,1,5767.78,2211.12,188.87,360,1,1,0
1,0,1,0,0,1863.68,2519.81,235.37,180,1,1,1
1,1,2,0,0,4364.54,1824.43,175.66,360,0,0,0
0,1,1,0,0,6163.7,959.43,120.32,120,0,2,0
1,0,0,1,0,2912.1,0,122.37,240,1,0,1
0,1,2,0,0,5459.8,1615.91,149.68,120,1,0,0
0,0,2,0,0,2470.1,0,132.9,120,1,0,1
1,0,0,1,0,8787.16,3859.84,290.99,300,1,1,1
1,0,0,0,0,6181.22,500.97,102.55,360,1,0,1
1,1,0,0,0,4247.34,2054.19,185.43,360,1,2,1
0,1,2,0,0,1000,1539.58,70.6,180,0,2,0
0,0,2,1,0,7565.3,1095.51,169.28,180,0,2,0
0,1,1,1,0,5035.61,0,20,300,1,0,0
0,0,1,1,0,5012.8,1003.06,88.05,360,0,0,0
1,1,0,0,0,4097.29,1008.6,77.75,360,1,0,1
1,0,3,1,0,7791.51,1491.88,244.82,360,1,0,0
1,1,1,0,0,8512.47,807.5,47.8,300,1,0,1
1,0,1,1,0,4290.35,0,141.84,480,1,1,0
0,0,1,1,1,5087.05,3231.57,175.53,480,0,1,0
1,0,1,1,0,2553.54,0,134.56,180,1,0,0
1,1,2,0,0,2086.04,1831.76,176.32,300,1,1,1
0,1,2,0,0,4918.57,2932.39,145.55,120,1,0,1
0,1,0,0,0,1000,203.8,218.36,360,1,2,1
0,1,3,0,1,5136.63,1816.92,152.53,480,1,2,1
1,1,0,0,0,1735.11,629.19,145.77,120,1,2,1
1,0,0,0,0,7302.67,939.63,231.79,300,1,2,1
1,0,1,0,0,3318.85,1897.06,212.41,240,1,1,1
0,0,2,0,0,2764.91,2860.98,231.86,360,0,1,0
1,1,1,0,0,1000,3126.59,228.94,360,1,2,1
0,0,3,0,1,5357.94,2157.95,147.28,120,1,1,1
0,0,2,0,1,5299.01,893.99,86.26,240,1,2,1
1,0,2,0,0,2236.64,2001.17,195.64,120,1,2,1
0,1,2,1,1,4176.56,3524.38,68.74,180,1,0,0
1,0,0,1,0,7203.89,1753.76,132.13,240,1,1,1
1,1,2,1,0,6271.53,1002.1,103.97,240,1,1,1
0,0,0,1,0,1500.41,1388.04,123.28,180,0,2,0
1,0,2,0,0,6851.38,4096.46,147.35,120,1,1,1
0,1,0,0,0,7847.04,75.68,144.11,300,1,1,1
1,1,0,1,0,3732.32,0,108.42,360,1,0,1
0,0,1,0,0,8817.95,1550.03,141.03,180,1,2,1
0,0,0,1,0,8010.23,727.76,79.61,240,1,0,1
1,1,1,1,0,6895.24,2348.15,69.48,240,1,2,0
1,1,1,0,0,4132.78,2599.35,122.8,480,1,0,1
0,0,2,1,0,2486.34,0,121.66,240,1,1,0
1,1,2,0,1,5423.73,0,115.68,480,1,2,0
1,1,2,1,1,4975.09,1858.31,177.58,360,1,0,1
1,0,0,0,1,1000,2800.42,75.69,300,1,1,1
0,0,1,0,0,3204.46,0,20,180,0,0,0
1,1,3,1,1,7595.47,3696.01,152.18,240,1,0,1
1,0,0,0,0,6580.7,3572.78,21.37,120,0,1,0
1,1,0,0,0,1000,654.03,280.48,360,1,2,0
0,0,0,1,0,6862.91,2338.53,131.12,120,1,1,1
1,1,0,0,0,7401.07,1154.95,140.03,300,0,0,0
0,0,2,0,0,2075.54,2924.93,279.25,240,1,2,0
0,0,1,0,0,3540.51,0,75.66,300,1,0,1
0,1,0,0,0,1716.37,0,20,360,1,0,1
1,0,2,0,0,5324.57,0,204.96,300,1,0,0
1,0,1,0,0,5575.98,1255.28,210.32,300,0,0,0
0,0,3,0,0,6438.08,1021.81,261.92,120,1,1,0
1,1,2,0,0,9185.16,2089.34,117.83,240,1,2,1
1,0,0,0,0,2263.85,2236.35,194.94,300,1,2,0
0,0,0,0,1,5153.63,579.02,208.19,360,1,0,0
1,1,1,1,1,3749.92,0,59.45,300,1,0,1
1,1,0,1,0,4339.38,0,168.45,240,1,2,1
0,1,1,0,0,3399.02,0,187.49,360,0,2,0
0,1,2,1,0,2646.45,1262.31,162.11,180,1,1,0
1,0,0,0,0,6999.15,2187.35,60.7,480,1,0,1
1,1,0,0,0,6167.21,0,44.49,360,1,2,1
1,1,0,0,0,1426.13,1778.79,82.15,480,1,1,1
0,0,2,0,0,7606.99,0,117.82,480,0,0,0
1,0,2,0,0,4455.51,2256.24,239.34,180,1,0,1
1,0,2,0,0,3897.53,475.71,200.18,360,1,0,0
1,0,1,0,1,6020.48,0,20,180,1,0,1
0,0,0,0,1,2037.12,1159.29,294.48,180,1,1,0
1,1,2,0,0,6765.07,0,188.68,240,1,2,0
0,0,0,0,0,5673.66,794.35,93.13,180,1,2,0
1,0,2,0,0,8181.84,312.54,72.06,360,1,1,0
0,0,0,0,0,5789.14,3733.95,170.54,240,0,0,0
1,0,2,0,0,8523.94,3133.1,130.76,480,1,1,0
0,1,1,0,0,1000,2610.86,67.91,120,0,1,0
0,1,2,1,0,1984.84,0,48.85,480,1,1,0
1,0,3,0,1,4382.01,396.85,194.8,240,0,2,0
1,0,0,0,0,5755.14,2361.53,294.26,360,1,1,1
1,1,0,0,0,7421.53,682.01,149.32,360,1,0,1
1,0,2,0,0,2843.75,4974.42,81.5,360,1,2,1
0,0,1,0,1,1868.57,0,242.53,240,1,0,0
1,1,1,0,1,5560.92,0,164.77,120,1,2,0
0,1,1,1,0,7490.22,660.61,165.73,480,1,0,1
1,0,0,1,1,4355.25,0,151.03,480,1,1,0
1,0,0,0,0,1445.1,453.0,147.58,300,1,1,1
1,1,0,0,0,2312.15,0,143.48,480,1,1,0
0,1,2,0,0,4757.05,0,58.63,300,1,0,1
0,1,2,1,0,3099.64,195.63,277.66,480,1,0,0
0,0,0,0,0,3492.1,1001.44,168.6,480,1,1,1
0,0,0,0,0,7301.99,2773.44,118.65,360,1,2,1
0,1,1,0,0,1000,0,74.9,180,0,2,0
0,0,0,0,0,3364.93,3191.22,78.92,240,1,0,1
0,1,0,0,0,1000,2396.86,215.6,300,1,1,1
1,1,1,0,0,7197.03,0,195.5,240,1,2,1
0,0,2,1,0,5760.99,0,145.83,120,1,2,0
1,0,0,0,0,4281.9,0,58.39,300,1,0,1
0,0,2,0,0,1547.32,363.04,167.33,480,1,1,0
0,0,2,0,0,4872.46,3565.93,20,300,1,1,1
0,0,3,0,0,1000,796.96,167.82,360,1,1,0
1,1,1,1,0,4433.14,5492.99,152.1,240,1,1,1
0,0,0,0,0,4225.57,2095.93,192.24,120,1,1,1
1,0,1,0,0,7004.59,3770.09,160.58,360,1,0,1
0,0,0,0,0,7765.62,638.65,127.5,480,1,1,1
0,0,0,1,1,6753.95,3846.22,39.63,180,1,2,1
1,0,2,0,0,2978.22,576.79,114.76,180,1,2,1
1,0,1,0,1,1000,0,25.31,120,1,0,1
0,1,1,0,0,2726.39,984.82,179.89,300,1,2,0
0,1,0,0,0,5791.21,188.9,191.3,180,0,2,0
0,0,1,0,0,5357.51,0,197.83,360,1,2,1
1,1,1,1,0,5408.95,3142.67,98.92,360,1,1,1
1,1,2,0,0,5325.59,591.72,155.51,180,0,2,0
1,1,2,0,0,6850.44,1710.31,56.9,180,1,2,1
1,0,0,0,0,6893.35,1570.34,236.12,360,1,2,1
0,0,1,0,0,2007.83,0,135.89,360,1,2,1
0,0,1,0,0,5553.19,1096.04,128.53,480,1,2,1
0,0,2,0,0,3488.36,4140.43,195.74,240,1,0,0
1,1,1,0,0,5260.28,1584.65,93.43,360,1,2,1
1,1,3,0,0,4799.19,0,64.79,360,1,1,1
0,1,0,0,1,3698.97,163.23,69.92,360,1,2,1
1,0,0,0,0,2762.93,2904.25,166.39,180,1,1,1
0,0,1,0,0,5686.07,419.07,155.52,360,1,0,1
0,0,1,0,0,4779.04,0,217.51,360,1,2,1
1,1,0,1,0,1164.33,2794.93,199.21,300,1,2,1
0,1,0,0,0,8327.89,835.73,36.33,120,1,1,1
0,1,0,1,0,4340.25,2463.61,202.01,180,1,0,0
1,1,0,0,0,1000,0,89.75,480,1,0,0
1,1,0,1,0,4155.2,1237.82,106.86,480,1,2,1
1,1,0,0,0,1424.98,2660.26,259.33,300,1,0,1
1,1,0,0,0,5345.51,0,84.65,480,1,0,1
0,1,0,0,0,4056.18,0,97.81,480,1,0,1
1,1,1,0,0,5839.49,1612.28,148.34,240,1,2,1
1,1,2,1,1,4459.9,0,99.69,120,0,0,0
1,0,0,0,0,7110.14,499.36,253.37,360,1,0,1
0,1,1,0,1,3110.64,1937.05,134.1,180,0,0,0
0,0,1,1,0,1000,1848.63,85.98,300,0,2,0
0,1,1,0,0,1000,864.31,116.33,360,1,0,1
1,1,0,0,0,9095.45,1201.71,177.1,300,1,2,1
1,1,0,1,0,1000,0,96.81,360,1,0,1
0,1,2,0,0,2372.82,0,169.79,480,1,1,0
1,1,0,0,0,6619.52,2327.31,36.06,300,1,0,1
0,0,3,0,1,4241.03,2010.21,131.68,120,1,1,1
0,1,0,1,0,1830.99,2987.31,168.06,180,0,1,0
0,1,0,1,0,4206.91,1372.68,249.45,300,1,1,0
0,0,0,0,0,3639.19,254.84,20,240,1,2,1
0,0,0,0,0,8295.38,0,146.89,480,1,0,1
0,1,1,0,0,7734.83,789.34,101.12,180,1,0,0
0,0,1,0,0,8644.4,688.01,201.0,180,1,0,1
0,1,0,1,0,4690.33,0,97.52,480,1,2,1
0,1,2,0,0,3428.77,3575.71,156.62,240,1,1,1
1,0,0,0,0,4299.66,2725.05,239.79,300,1,0,0
1,0,0,0,1,5181.98,257.9,91.42,180,1,1,0
1,1,0,0,0,5172.37,474.38,172.94,300,1,0,1
1,1,1,0,0,2221.98,2825.61,285.77,180,1,0,1
1,0,0,0,1,6443.92,0,230.54,360,0,0,0
1,0,3,1,0,4021.58,0,171.77,180,1,0,1
1,0,2,0,0,3724.93,0,238.51,360,1,1,1
0,1,3,1,0,9325.27,1138.88,55.52,480,1,0,1
0,1,2,1,0,7144.61,784.1,50.06,240,1,2,1
0,1,0,1,0,2796.29,3723.85,261.97,360,1,2,0
0,0,0,0,0,2283.63,2767.12,153.63,120,1,2,1
0,0,2,1,0,6251.17,0,20,360,1,0,0
1,0,2,1,0,6442.92,29.25,172.13,180,1,2,0
0,1,0,0,0,2458.26,635.38,126.99,480,1,1,1
1,0,0,0,0,5199.91,1690.35,119.94,300,1,1,1
1,0,2,0,0,1924.86,2473.11,20,360,1,0,0
1,1,0,1,0,3261.18,0,104.35,360,1,1,1
0,1,1,1,0,4961.25,1584.64,159.41,240,1,2,0
0,0,2,0,0,7333.09,3620.53,124.94,120,1,1,1
0,1,0,0,0,2586.42,1019.68,27.38,180,1,2,1
0,1,1,0,0,5480.9,2347.37,163.67,120,1,0,0
0,1,1,0,1,3737.26,1788.42,101.71,300,1,1,1
0,1,1,0,0,6559.81,5161.75,37.42,120,1,2,1
1,1,1,0,0,3560.27,0,64.9,360,1,0,1
1,1,2,1,0,2592.36,760.98,226.46,480,0,2,0
1,0,0,0,0,3197.68,3216.41,104.67,480,0,2,0
0,0,0,0,0,9946.42,5166.43,178.75,360,1,1,1
0,0,0,1,0,6652.66,1458.18,315.86,240,1,2,0
1,0,2,0,0,4768.77,0,130.42,180,1,0,1
0,1,0,1,0,6097.12,0,113.67,300,1,0,1
0,0,0,0,1,9963.59,0,157.92,180,1,0,1
0,1,2,0,0,2684.41,1517.53,123.09,480,1,2,1
1,1,1,0,0,1000,684.12,159.52,300,1,0,0
0,1,3,0,0,5109.54,0,167.8,240,1,1,1
1,0,0,0,0,3122.99,1105.68,176.93,480,1,0,0
0,1,0,0,0,1170.71,0,162.93,240,1,2,1
0,0,0,0,0,7869.19,2480.84,112.44,360,1,1,0
1,0,2,1,0,3732.49,431.01,169.84,480,0,1,0
1,1,0,0,1,4703.87,1166.88,141.06,300,1,2,1
0,1,0,0,0,3640.84,1548.22,97.59,360,1,2,1
0,0,0,0,0,4892.27,1525.23,56.04,240,1,0,1
0,1,3,0,0,2440.82,0,59.15,300,1,1,1
0,0,2,0,1,6300.59,0,154.19,300,0,2,0
1,1,1,0,0,3583.15,701.68,127.48,120,1,2,0
1,1,1,0,0,6835.33,1153.26,201.74,360,1,1,1
1,0,2,0,0,4935.46,1952.61,20,480,1,2,1
1,1,0,0,0,5338.48,3425.24,120.26,120,1,2,1
1,0,0,0,0,1000,0,162.66,240,1,1,0
1,0,1,0,0,6915.76,0,77.55,300,1,0,1
1,1,1,0,0,1765.62,4303.35,147.35,180,1,0,1
1,1,1,1,0,1915.24,2576.12,217.03,480,1,2,0
0,1,0,0,0,1000,2368.38,152.54,120,1,0,1
0,0,0,0,0,2876.03,1199.65,240.83,360,1,1,0
0,0,2,1,0,7197.89,3102.77,32.88,360,0,1,0
0,0,0,1,0,4919.78,0,256.83,480,1,1,0
0,0,0,0,0,3551.34,76.9,158.95,360,1,0,1
0,1,1,0,1,5587.15,0,168.7,240,1,0,1
0,0,1,0,0,6986.95,1759.51,180.68,360,1,2,1
1,1,0,1,0,3027.54,0,255.93,300,1,0,0
1,0,1,0,0,2727.63,1450.58,162.8,360,1,1,1
1,0,1,0,0,6530.89,15.86,218.07,240,1,0,1
1,1,1,0,0,6337.88,0,93.49,240,1,1,1
1,0,1,0,1,2799.52,2173.95,176.59,300,1,1,0
0,0,1,0,1,1921.06,369.59,74.68,360,0,1,0
0,1,3,0,0,6182.48,0,80.8,480,0,0,0
0,0,2,0,0,3608.72,3337.6,95.09,240,1,2,1
1,1,2,1,1,1516.31,107.19,20,240,0,2,0
0,0,2,1,0,7723.28,0,150.09,300,1,2,1
1,1,0,0,0,2905.56,1362.47,20.92,300,1,2,1
0,0,0,0,0,7245.1,0,177.35,180,1,1,1
1,1,1,0,0,5550.08,0,151.18,120,1,2,1
0,1,0,0,0,7709.49,917.31,130.4,300,1,0,1
0,1,1,0,1,6901.89,2154.62,130.71,120,1,2,0
1,0,3,0,0,1000,2191.08,83.84,240,1,1,0
1,0,0,1,0,4035.73,0,213.42,180,1,2,1
1,0,0,0,0,5700.44,162.5,178.25,240,0,0,0
0,0,1,0,0,4872.47,49.9,176.1,120,1,0,1
0,0,2,1,0,1771.11,2775.86,133.64,360,1,1,0
0,1,2,0,0,2796.95,2005.1,137.17,360,1,2,0
1,1,0,0,0,3422.05,3974.16,95.03,360,1,0,1
0,1,3,0,1,5921.31,77.01,136.59,480,1,1,1
0,0,1,0,1,4358.85,1415.14,166.22,300,0,0,0
1,1,0,0,0,5585.84,1304.26,234.8,180,1,2,0
0,0,0,0,0,4814.12,0,154.68,120,1,1,1
1,1,1,0,0,8780.17,1118.18,103.11,240,1,0,1
1,0,0,0,0,6384.55,854.56,64.17,180,1,0,1
1,0,0,1,0,1071.58,0,132.95,120,0,2,0
1,1,0,0,0,5194.34,1202.42,108.99,240,1,2,1
0,1,1,0,0,4863.51,636.1,150.42,480,1,1,1
0,1,0,0,0,8107.51,1156.7,49.07,240,0,1,0
1,0,0,0,0,5897.36,3501.03,218.61,240,1,2,0
1,0,0,0,0,2082.35,177.41,220.55,240,1,1,1
0,0,0,0,0,3070.8,1817.36,91.61,480,1,2,0
0,0,3,0,0,2896.6,0,158.65,480,1,0,0
0,0,3,1,0,1000,0,258.82,120,1,2,0
0,0,2,0,0,8242.15,930.91,54.09,360,1,1,1
0,0,1,0,0,6135.0,2485.09,110.57,300,1,2,0
0,0,0,1,0,4576.74,920.27,132.13,180,1,2,1
1,1,1,1,0,5470.66,1836.17,129.95,180,1,2,1
0,0,2,0,0,5478.44,0,61.98,180,0,2,0
0,1,2,1,0,1079.85,1700.61,146.01,120,1,2,1
1,1,0,0,0,3243.32,165.0,82.1,300,0,2,0
0,0,0,0,0,6152.71,1704.73,53.31,300,1,2,1
1,0,2,0,0,4111.7,0,104.93,300,1,0,1
1,0,0,0,0,2562.93,2463.55,162.68,240,1,0,1
0,0,0,0,0,1000,2529.25,151.02,180,1,2,1
0,0,0,1,0,7844.39,1141.68,169.44,480,1,0,0
0,1,0,0,1,9722.01,26.4,198.43,120,0,1,0
0,1,1,0,0,5688.37,0,145.33,120,1,1,1
0,0,0,0,1,8199.16,1437.76,180.85,360,1,0,1
1,1,2,1,0,5096.02,0,43.32,480,0,2,0
1,0,0,1,0,2012.36,0,168.29,360,1,2,1
0,1,2,0,0,2752.6,161.21,180.52,120,1,0,1
0,1,0,0,0,7555.71,413.57,186.46,480,1,1,1
1,1,1,0,0,2586.75,2458.59,20,300,1,2,1
1,1,1,1,1,6646.87,0,275.28,300,0,1,0
0,1,3,0,0,5578.5,1785.96,167.69,480,0,1,0
0,1,0,0,0,4267.49,1757.45,175.26,360,1,1,1
1,1,1,0,0,1860.32,669.0,20,240,1,1,1
0,1,0,0,0,5719.31,2250.83,233.54,180,1,1,0
0,0,2,0,0,5550.29,2169.12,199.05,180,1,1,1
0,0,1,0,0,3156.94,2484.73,99.6,240,0,0,0
1,1,2,1,1,8187.63,4722.68,60.18,480,1,1,1
1,0,2,0,1,3854.65,1862.87,120.15,480,1,1,1
0,1,1,0,0,2920.26,3142.84,168.92,240,1,0,1
1,0,3,0,0,2114.34,43.52,237.41,300,0,1,0
1,1,0,0,0,9540.81,741.34,236.25,300,1,1,1
1,1,0,0,1,4153.49,0,188.36,180,1,1,0
1,0,3,0,0,8064.72,1294.93,133.66,300,1,0,1
0,0,2,0,0,5436.21,0,69.72,480,1,0,1
0,0,0,1,0,1000,1600.08,196.82,300,1,2,0
0,0,0,0,1,8278.07,2277.61,61.08,240,1,1,1
0,1,1,0,0,4951.98,1674.36,79.09,180,1,0,1
1,1,0,1,0,3739.11,3103.77,217.43,480,1,0,0
0,1,2,1,0,3300.69,3509.24,128.13,360,1,0,0
0,0,1,0,0,1545.82,4166.32,172.45,180,1,2,1
0,1,1,0,0,7032.53,353.65,114.94,300,1,2,1
1,0,2,0,0,5351.78,4307.11,171.41,180,1,0,1
1,0,0,1,0,5651.82,1401.75,162.46,120,1,1,0
0,0,0,0,0,6917.05,2723.63,100.14,480,1,0,1
0,1,3,0,0,1000,1189.7,144.67,120,1,0,1
0,0,3,0,0,8517.62,1269.95,280.0,480,1,2,0
0,1,1,0,0,7108.22,1002.97,68.66,240,0,0,0
0,1,2,0,0,6657.36,1560.14,182.71,360,1,2,1
1,0,1,0,1,4856.33,1763.39,183.07,480,1,0,0
1,0,0,0,0,6334.86,2291.94,74.7,480,1,0,0
0,1,3,0,0,5777.33,1151.98,199.15,240,1,2,0
1,1,0,0,1,7482.97,1050.03,186.33,120,1,1,1
0,0,0,0,0,3917.88,1204.37,181.09,240,1,2,1
0,0,1,0,0,2463.09,1482.62,57.02,360,1,2,1
0,0,3,1,0,1000,2165.82,122.27,180,1,1,0
0,1,0,0,0,4785.12,0,51.23,360,1,1,1
0,0,0,0,1,2769.69,199.45,200.94,120,1,0,0
1,1,2,0,0,2771.49,91.62,20,300,1,2,1
0,0,0,0,0,2585.67,0,172.12,360,1,1,1
1,1,0,0,0,6925.41,1060.79,69.57,300,0,2,0
0,1,1,1,0,5555.19,2369.02,186.13,480,1,0,0
0,1,0,0,0,5677.18,0,247.47,360,0,1,0
1,0,1,0,0,3926.8,1723.25,177.08,240,1,2,0
1,0,0,0,0,3010.26,0,212.12,360,1,2,0
1,0,1,1,1,4099.26,3466.2,189.59,300,1,2,0
0,0,0,0,0,3664.7,0,83.66,120,1,1,1
1,1,1,0,0,3481.02,1638.03,158.76,240,1,2,1
1,1,1,0,0,5765.28,2135.33,173.88,180,1,0,0
1,0,0,1,0,4230.94,1753.8,283.28,480,1,0,0
1,0,0,0,0,7182.14,2825.06,34.19,360,1,0,1
0,0,2,0,0,4137.39,0,133.78,180,0,0,0
0,1,0,0,0,2081.81,1293.87,197.92,300,1,0,0
1,0,0,0,0,10967.23,1751.29,34.27,480,1,0,1
0,1,1,0,1,1522.63,3421.02,241.24,300,1,1,1
1,1,0,1,0,5794.59,4459.8,225.4,480,1,0,0
1,0,2,1,0,1000,2796.08,110.85,120,1,2,0
1,0,0,0,0,4289.37,0,162.56,480,1,1,1
0,0,0,0,0,5774.01,1663.26,20,480,1,2,1
1,1,1,1,0,6050.35,3102.19,113.32,120,1,0,1
1,1,3,1,0,9864.5,39.19,80.81,120,1,0,0
1,0,0,0,0,8224.44,4448.55,183.59,120,1,1,1
1,1,0,0,0,7322.67,0,120.69,180,1,0,1
0,1,2,0,0,4659.27,827.05,190.72,300,1,1,0
1,0,0,0,0,3165.11,0,114.9,480,1,0,0
0,0,0,1,0,2419.48,2932.25,79.84,480,1,0,0
0,1,1,0,1,3867.8,450.0,155.81,180,1,2,1
1,1,2,0,0,3142.64,1031.89,155.62,180,1,1,1
1,1,0,1,0,4642.02,0,82.97,240,1,1,1
0,1,0,0,0,6391.96,1477.55,119.52,300,0,1,0
1,1,1,1,1,5290.22,1697.26,169.88,180,1,1,0
0,0,1,0,0,8286.5,2470.18,75.16,120,1,2,0
0,1,0,1,0,4230.22,1546.7,33.62,300,1,1,1
0,1,3,0,1,2661.25,3512.64,122.7,360,0,0,0
1,1,2,0,0,3618.04,777.35,138.32,300,0,0,0
0,1,2,0,0,3781.43,531.78,65.63,240,1,2,1
0,1,1,1,0,1000,1416.99,50.91,300,0,1,0
1,0,0,0,0,2979.3,2697.06,157.18,180,1,2,1
0,1,1,0,0,2258.25,5578.76,116.27,180,1,1,1
0,0,3,0,0,2112.34,2129.58,116.23,240,1,0,0
0,0,2,0,0,4919.38,793.68,45.5,240,1,1,1
1,1,0,1,0,4744.37,1826.55,193.9,480,0,2,0
0,0,0,0,0,2031.49,1603.91,76.67,480,1,2,0
1,1,2,0,0,6171.72,3942.56,124.96,120,1,2,1
0,0,0,0,0,5267.41,2461.62,62.74,120,0,0,0
1,1,1,1,0,5476.91,3180.77,151.38,120,0,2,0
1,1,2,0,0,2547.09,756.18,59.48,360,1,2,1
1,0,2,0,0,4135.89,1730.71,196.87,300,0,2,0
1,1,1,0,0,5315.25,2573.0,145.53,480,1,2,1
1,0,2,0,0,1000,3100.43,101.96,300,1,0,0
0,1,1,0,0,5175.66,2026.61,20,300,1,0,1
0,0,0,0,0,6756.35,4021.62,20,240,1,2,1
0,0,1,0,1,5431.13,0,151.25,180,1,2,0
0,0,3,0,0,5159.84,549.1,215.63,120,1,0,1
0,0,1,1,1,5646.03,2309.47,62.43,480,1,0,1
1,1,2,0,0,8703.52,680.44,272.73,300,1,2,1
0,0,0,0,0,3210.79,327.53,141.73,180,0,1,0
1,1,2,1,0,2021.52,0,27.69,480,1,0,1
0,1,0,1,0,8407.9,2217.03,86.37,360,0,2,0
1,1,0,0,0,3121.13,3684.28,147.42,240,1,2,1
0,1,0,0,0,5366.68,0,92.56,480,1,0,0
1,0,0,0,0,4418.95,371.22,197.14,120,1,1,1
1,0,0,1,0,4242.2,4218.74,115.6,360,0,0,0
1,1,1,0,0,3747.75,528.86,106.05,300,1,0,1
0,1,0,0,0,3268.1,812.13,57.7,120,1,2,1
0,1,1,0,0,3563.79,1569.49,107.09,180,1,1,1
1,1,2,0,0,8320.11,1146.41,247.5,300,1,0,0
0,1,2,0,0,5318.46,592.68,158.44,480,1,2,1
1,0,1,0,0,3854.75,1000.05,178.51,240,1,1,1
0,0,0,0,0,8627.29,0,167.78,300,0,2,0
1,0,2,0,0,1000,0,155.56,480,1,0,0
0,1,2,0,0,4350.08,514.57,70.71,300,1,1,1
1,0,3,1,0,1451.0,0,115.78,480,1,2,0
0,0,0,0,0,7571.45,1878.19,169.57,120,0,2,0
0,0,0,0,0,6244.45,0,214.51,240,1,0,1
1,0,0,0,0,2084.83,926.21,304.42,360,1,0,1
0,1,2,0,1,4122.18,697.59,182.98,480,0,1,0
0,1,0,1,0,9502.09,0,189.09,360,1,1,1
1,0,0,0,0,5055.03,1354.93,36.46,120,1,2,1
0,0,2,0,0,2029.0,477.01,186.9,180,1,0,0
0,1,3,0,0,6943.38,0,66.07,180,0,1,0
1,1,2,0,0,2263.53,0,118.69,480,1,0,1
1,0,0,0,0,2602.04,749.89,52.53,240,1,1,1
1,1,0,0,0,6047.38,5120.79,66.62,180,1,0,1
1,0,3,0,0,7583.39,0,146.81,480,1,2,0
0,1,1,0,0,5600.84,0,192.85,480,1,0,1
1,1,3,0,0,6515.59,1361.16,198.01,120,1,2,0
1,0,0,0,0,3459.41,4603.21,127.19,180,1,2,1
1,0,2,0,0,1021.24,448.88,42.89,360,1,2,1
0,0,0,1,1,7461.88,0,119.32,120,1,2,1
1,1,0,0,0,1618.81,0,80.22,300,1,2,1
1,1,0,1,1,4821.27,2474.75,73.03,120,1,1,1
0,0,3,0,0,9882.55,264.01,160.49,120,1,0,1
0,1,0,0,0,8897.05,0,141.42,240,1,1,1
0,0,2,0,0,2180.01,0,161.28,120,1,2,1
0,0,0,1,0,2459.58,109.45,159.03,120,1,1,1
1,0,1,0,1,5315.76,0,65.13,300,1,2,1
0,1,1,0,0,1191.01,970.06,148.57,480,0,0,0
0,1,0,0,0,5033.14,2001.22,175.19,360,1,2,1
1,1,1,0,0,1162.42,1614.1,92.64,360,1,2,1
0,0,0,1,0,6661.11,1694.1,239.05,180,1,1,0
0,1,1,1,0,2896.37,3035.46,234.27,300,1,0,0
1,0,1,1,0,3521.23,0,158.4,240,1,1,1
0,1,0,1,0,5052.17,1376.53,183.46,180,1,1,1
0,0,0,0,0,4383.47,2187.39,170.25,180,0,1,0
0,0,2,0,0,6204.59,238.35,159.1,240,1,2,1
0,1,2,0,0,8454.26,0,164.45,240,1,1,1
0,0,2,0,1,4111.42,2072.71,141.75,240,1,2,1
1,0,2,1,0,3364.03,559.97,29.5,360,1,2,1
1,0,0,0,0,3874.35,0,131.85,360,1,0,1
0,0,1,0,0,2332.52,1906.56,214.09,240,1,0,1
0,1,0,0,0,1099.59,1682.82,69.73,300,1,1,1
1,1,0,0,0,3058.83,5.42,256.96,360,1,0,1
1,0,0,0,0,5008.2,2207.62,111.61,480,1,0,1
0,1,0,0,0,5025.44,0,63.5,480,0,2,0
0,1,0,0,0,4839.43,3316.72,65.53,300,1,0,1
1,0,0,1,0,1000,2377.38,177.61,180,1,2,0
0,1,2,1,0,1176.43,2384.26,40.16,360,1,2,1
0,0,3,0,1,2797.16,3175.0,63.59,300,1,0,0
1,0,1,0,0,2017.18,458.18,164.44,120,1,0,0
0,1,0,0,1,3220.36,1913.88,118.2,300,0,2,0
0,0,0,1,0,5811.87,1145.03,39.42,300,1,0,1
0,0,0,1,0,6273.71,2958.83,122.56,480,1,1,1
0,0,3,0,0,3011.51,462.51,96.79,300,1,2,1
0,0,0,1,0,3289.11,0,111.67,180,1,0,1
1,1,0,0,0,7695.23,2599.8,280.3,180,1,2,1
1,0,1,0,0,1000,1404.44,20,120,1,2,1
1,1,1,0,0,3552.65,1346.9,100.18,300,1,1,0
0,1,0,0,0,6936.75,3002.45,64.09,120,1,0,1
1,0,1,0,0,6303.42,0,155.91,480,1,0,1
0,1,0,0,0,8161.0,1715.16,162.81,480,1,2,1
0,1,1,0,0,6820.84,1668.88,155.84,180,1,0,1
1,0,3,0,0,3639.56,213.79,232.33,480,1,0,0
0,1,1,1,0,2053.11,0,204.29,300,0,0,0
0,1,0,0,0,6224.38,1283.24,159.15,240,1,1,1
0,0,2,0,0,1000,1213.0,111.1,360,1,0,0
1,1,1,1,0,2749.37,3177.34,185.67,480,1,1,0
0,1,0,0,0,1000,0,150.57,120,1,2,1
1,0,1,0,0,4086.0,2078.62,145.5,480,1,1,1
1,0,0,0,0,1000,623.39,105.48,120,1,2,1
1,1,0,0,1,3538.48,159.37,97.19,360,1,2,0
1,0,0,0,1,5979.15,1645.35,114.31,180,0,0,0
0,0,1,0,0,5351.81,2110.8,55.16,240,1,1,1
0,1,2,0,1,2952.77,2403.4,67.86,360,1,0,1
1,0,2,0,0,6257.99,450.34,53.6,180,1,1,1
1,1,0,0,0,2521.93,3395.87,192.13,120,0,2,0
1,1,0,0,0,4379.34,0,66.36,120,1,0,1
0,1,3,0,0,8639.12,468.09,140.64,480,1,2,0
1,0,1,1,0,4531.82,1623.54,178.18,480,0,2,0
0,1,1,1,0,4553.36,3302.44,118.32,120,1,2,1
1,1,2,1,0,8812.15,0,177.27,480,1,2,1
1,1,2,1,1,5320.09,636.97,27.69,180,1,0,1
1,1,0,0,0,8036.0,2777.16,76.77,240,1,0,1
0,1,0,0,0,3291.85,1187.3,95.84,180,0,0,0
0,1,3,1,0,5526.93,799.92,121.31,120,1,1,0
0,1,0,0,0,4522.85,979.34,122.4,480,1,0,1
0,0,1,0,0,8717.71,977.26,212.16,240,1,1,0
1,1,3,1,1,3259.98,0,201.47,240,1,0,0
1,1,2,1,0,1000,0,120.02,180,1,2,1
1,1,1,0,0,6559.67,696.57,45.06,480,1,1,1
0,1,0,0,0,1000,2821.15,326.92,480,1,2,0
1,1,1,0,1,7622.8,0,136.3,300,1,1,1
1,0,2,1,0,2693.6,897.99,220.62,480,0,1,0
0,0,3,0,0,3744.6,3703.76,53.21,480,0,0,0
1,0,2,0,0,1000,0,198.96,480,1,2,0
1,1,2,0,0,5420.47,1561.92,130.26,480,1,2,0
1,0,2,1,0,5393.56,1206.03,20,300,1,1,1
0,0,0,0,1,2648.13,3895.68,125.73,480,1,2,1
1,0,2,1,0,6645.28,1500.96,33.08,240,1,2,1
1,0,1,0,0,6734.73,1029.74,162.63,480,1,0,0
0,0,2,0,0,6691.33,0,147.89,300,1,2,1
1,1,2,0,0,3704.42,3617.36,186.63,300,0,1,0
0,1,1,0,0,3809.29,0,170.14,480,1,2,1
0,1,2,0,0,5909.22,1134.63,210.33,180,1,0,0
1,1,0,0,1,2530.28,0,236.53,300,1,0,0
0,1,1,0,1,3109.1,0,95.41,480,0,1,0
1,1,1,0,0,5448.15,1746.11,43.47,180,0,2,0
1,1,1,0,0,1000,5964.8,122.76,180,0,0,0
0,1,2,0,0,1000,536.28,55.54,360,1,2,1
0,0,3,1,0,3220.84,612.23,21.67,120,0,2,0
0,0,0,0,0,5612.3,1618.65,85.23,180,1,2,1
0,0,0,1,0,5250.63,0,53.61,480,1,1,1
0,0,1,0,0,7597.86,3648.36,148.15,360,1,1,1
1,0,2,0,0,4257.3,3512.48,180.02,240,1,2,1
0,0,0,0,1,3963.48,211.25,68.87,360,1,1,1
0,1,3,0,0,3701.07,810.5,163.95,360,1,1,1
0,1,3,1,0,5094.99,0,299.36,180,1,0,0
0,0,1,1,0,4891.4,528.14,86.9,240,1,2,1
0,0,0,1,0,2185.54,3374.51,224.49,360,1,1,0
1,0,0,0,0,3738.89,457.8,89.68,480,1,1,1
0,1,2,0,1,5385.47,0,128.05,480,1,0,1
1,0,3,0,0,5358.55,1549.39,118.83,180,1,0,0
1,1,2,0,1,1931.39,0,193.78,480,1,2,1
0,1,0,0,0,7127.23,1277.07,77.09,480,1,2,1
0,1,3,0,1,2734.16,1031.79,259.24,360,1,0,0
1,1,0,0,0,6125.54,576.29,24.21,120,1,1,1
1,1,0,0,0,4932.8,2535.97,231.72,120,1,2,0
1,0,0,0,0,4345.63,1329.22,174.65,240,0,1,0
1,0,0,0,0,6558.52,2498.43,197.19,180,1,1,1
1,1,0,0,0,6583.76,2284.96,162.15,240,1,0,1
1,0,0,0,0,2527.79,1883.04,241.66,300,1,1,1
0,1,1,0,0,7402.73,3115.46,153.4,480,1,1,0
0,0,3,1,0,4268.93,1420.21,130.84,240,1,2,0
0,1,1,0,0,1373.22,2157.81,134.15,240,1,1,0
0,1,0,0,0,3607.57,0,231.82,360,1,0,1
0,0,0,0,1,6878.24,473.2,117.26,120,1,2,1
1,0,0,0,0,3769.76,1430.51,191.26,240,1,0,1
1,0,0,0,0,3608.47,2380.82,121.99,300,1,1,1
1,1,0,0,0,1000,182.44,83.78,240,1,2,1
1,0,1,0,0,5503.62,649.27,138.35,360,1,2,1
0,0,2,1,0,2306.36,776.97,107.35,180,1,0,0
0,0,0,0,0,8009.26,0,298.57,240,1,2,0
0,1,0,0,1,3974.35,1191.82,52.18,180,1,2,1
0,0,2,0,0,9073.79,0,199.07,300,1,1,1
1,1,0,0,0,4220.77,1083.23,215.65,360,1,2,0
1,1,2,0,0,5804.51,1975.21,83.13,480,0,1,0
0,1,2,0,1,6212.71,1127.83,215.44,480,1,1,1
1,0,3,1,0,8069.99,3746.46,83.41,480,1,1,1
0,1,0,1,0,8800.09,830.57,146.33,480,1,2,1
1,0,2,0,0,1000,0,140.74,180,1,1,0
1,0,3,0,0,6476.51,4124.57,170.47,480,1,1,1
0,1,0,0,0,3760.9,819.46,187.22,480,1,0,1
0,0,1,0,0,6464.21,0,127.11,180,1,1,1
0,0,2,0,0,1000,422.65,157.74,180,1,2,0
1,0,0,0,0,2600.89,859.06,126.05,120,0,1,0
0,1,0,1,0,3233.66,1599.34,111.94,480,1,2,0
0,1,0,0,0,6760.9,787.97,113.75,120,1,2,1
0,0,0,0,0,1000,2731.47,102.3,240,1,0,0
1,1,1,1,0,4260.11,580.99,302.78,180,1,0,0
1,0,0,0,0,3575.24,1280.7,20,240,0,1,0
0,0,2,0,0,1000,1704.03,60.07,180,1,2,0
0,1,0,0,0,1000,598.22,70.89,300,1,2,1
0,0,0,0,1,7677.72,1420.06,292.12,120,1,1,0
0,1,1,1,0,6874.4,500.51,152.19,480,0,2,0
0,1,2,0,0,5615.86,1452.47,70.57,360,1,0,1
0,1,0,0,0,5765.36,0,147.63,180,1,2,0
1,1,0,0,0,3806.78,0,220.54,120,1,0,1
0,0,0,0,1,1000,1914.44,135.39,240,1,1,1
0,1,3,0,1,5718.83,1981.36,103.93,180,1,2,1
0,1,1,0,0,3887.2,1566.12,89.15,240,0,0,0
1,1,0,0,0,7591.06,2060.79,142.47,360,1,0,1
0,1,0,0,0,7364.71,1044.04,169.57,240,0,1,0
1,1,1,0,0,3687.49,1863.15,111.38,480,1,2,1
0,0,1,0,0,5737.7,138.43,185.28,480,0,2,0
0,0,2,0,0,7913.41,4692.93,27.52,480,1,1,1
1,0,0,0,1,1000,2616.09,150.49,180,1,2,0
0,0,1,1,0,8744.14,1455.76,88.56,120,1,1,1
1,0,3,0,0,3793.76,1723.68,191.8,240,1,1,1
1,0,3,1,0,3156.05,2194.71,58.14,480,0,1,0
